date,actual_mean_temp,actual_min_temp,actual_max_temp,average_min_temp,average_max_temp,record_min_temp,record_max_temp,record_min_temp_year,record_max_temp_year,actual_precipitation,average_precipitation,record_precipitation,city,city_code,city_full
7/1/2014,76,66,86,66,85,48,97,1885,1970,0.13,0.16,5.09,Indianapolis,IND,"Indianapolis, IN"
7/2/2014,71,63,79,66,85,50,99,1904,1970,0,0.16,4.5,Indianapolis,IND,"Indianapolis, IN"
7/3/2014,67,60,73,66,85,49,100,1968,1911,0,0.15,1.89,Indianapolis,IND,"Indianapolis, IN"
7/4/2014,67,54,79,66,85,48,103,1968,1911,0,0.15,2.4,Indianapolis,IND,"Indianapolis, IN"
7/5/2014,69,59,79,66,85,49,103,1972,2012,0,0.16,3.27,Indianapolis,IND,"Indianapolis, IN"
7/6/2014,74,64,83,66,85,48,105,2001,2012,0.03,0.15,1.64,Indianapolis,IND,"Indianapolis, IN"
7/7/2014,74,68,79,66,85,54,105,1894,2012,0,0.16,4.43,Indianapolis,IND,"Indianapolis, IN"
7/8/2014,74,67,81,66,85,51,104,1984,1936,0.32,0.16,2.6,Indianapolis,IND,"Indianapolis, IN"
7/9/2014,72,62,81,66,85,52,103,1952,1936,0,0.16,2.49,Indianapolis,IND,"Indianapolis, IN"
7/10/2014,71,61,80,66,85,50,105,1963,1936,0,0.16,1.52,Indianapolis,IND,"Indianapolis, IN"
7/11/2014,71,60,81,66,85,52,104,1945,1936,0,0.16,2.49,Indianapolis,IND,"Indianapolis, IN"
7/12/2014,74,67,80,66,85,53,103,1975,1936,0.07,0.16,2.7,Indianapolis,IND,"Indianapolis, IN"
7/13/2014,78,72,84,66,85,49,103,1976,1936,0,0.17,2.78,Indianapolis,IND,"Indianapolis, IN"
7/14/2014,75,65,85,66,85,48,106,1975,1936,0.39,0.16,2.96,Indianapolis,IND,"Indianapolis, IN"
7/15/2014,64,56,71,66,85,51,103,1967,1988,0,0.17,2.05,Indianapolis,IND,"Indianapolis, IN"
7/16/2014,63,53,72,66,85,49,98,1945,1988,0,0.15,2.32,Indianapolis,IND,"Indianapolis, IN"
7/17/2014,65,53,77,66,85,51,101,1976,2012,0,0.15,3.71,Indianapolis,IND,"Indianapolis, IN"
7/18/2014,68,57,78,66,85,51,100,1976,1954,0,0.15,2.61,Indianapolis,IND,"Indianapolis, IN"
7/19/2014,68,58,77,66,85,50,98,1984,1930,0,0.14,1.31,Indianapolis,IND,"Indianapolis, IN"
7/20/2014,71,60,81,66,85,49,103,1947,1934,0,0.13,4,Indianapolis,IND,"Indianapolis, IN"
7/21/2014,74,62,85,66,85,46,106,1944,1934,0,0.14,1.89,Indianapolis,IND,"Indianapolis, IN"
7/22/2014,78,67,88,66,85,49,106,1947,1901,0,0.14,1.82,Indianapolis,IND,"Indianapolis, IN"
7/23/2014,69,62,76,66,85,46,102,1947,1934,1.61,0.14,1.61,Indianapolis,IND,"Indianapolis, IN"
7/24/2014,67,58,76,66,85,52,105,1947,1934,0,0.14,1.98,Indianapolis,IND,"Indianapolis, IN"
7/25/2014,65,56,74,66,85,51,105,1911,1934,0,0.13,2.61,Indianapolis,IND,"Indianapolis, IN"
7/26/2014,75,67,82,66,85,51,98,1911,1941,0.1,0.13,2.41,Indianapolis,IND,"Indianapolis, IN"
7/27/2014,76,66,85,66,85,51,100,1962,1916,0.22,0.12,1.86,Indianapolis,IND,"Indianapolis, IN"
7/28/2014,65,57,73,66,85,51,101,2013,1930,0,0.12,2.95,Indianapolis,IND,"Indianapolis, IN"
7/29/2014,64,52,75,66,85,51,100,1881,1941,0.21,0.13,0.8,Indianapolis,IND,"Indianapolis, IN"
7/30/2014,68,57,78,66,84,51,103,1965,1940,0.02,0.13,1.63,Indianapolis,IND,"Indianapolis, IN"
7/31/2014,70,59,80,66,84,49,98,1895,1913,0,0.12,2.84,Indianapolis,IND,"Indianapolis, IN"
8/1/2014,72,61,82,65,84,53,97,1971,1887,0.01,0.11,2.86,Indianapolis,IND,"Indianapolis, IN"
8/2/2014,73,63,82,65,84,52,98,1927,1888,0,0.11,2.53,Indianapolis,IND,"Indianapolis, IN"
8/3/2014,73,61,84,65,84,50,98,1965,1897,0,0.11,1.72,Indianapolis,IND,"Indianapolis, IN"
8/4/2014,74,62,85,65,84,49,99,1912,1887,0,0.1,3.81,Indianapolis,IND,"Indianapolis, IN"
8/5/2014,73,65,81,65,84,51,103,1974,1918,0,0.1,1.65,Indianapolis,IND,"Indianapolis, IN"
8/6/2014,71,63,79,65,84,50,99,1994,1918,0,0.11,4.46,Indianapolis,IND,"Indianapolis, IN"
8/7/2014,71,64,78,65,84,49,98,1989,1930,0,0.1,1.08,Indianapolis,IND,"Indianapolis, IN"
8/8/2014,70,65,74,65,84,48,98,1989,2012,0.03,0.09,1.51,Indianapolis,IND,"Indianapolis, IN"
8/9/2014,76,68,83,65,84,50,99,1884,1930,0,0.1,2.36,Indianapolis,IND,"Indianapolis, IN"
8/10/2014,77,70,84,65,84,50,99,1972,1911,0.13,0.1,1.25,Indianapolis,IND,"Indianapolis, IN"
8/11/2014,75,68,82,65,84,52,99,1967,1941,0.1,0.09,2.07,Indianapolis,IND,"Indianapolis, IN"
8/12/2014,65,58,71,65,84,47,101,2004,1881,0,0.1,1.93,Indianapolis,IND,"Indianapolis, IN"
8/13/2014,67,55,79,65,84,48,98,1964,1936,0,0.09,3.08,Indianapolis,IND,"Indianapolis, IN"
8/14/2014,70,59,81,65,84,48,95,1964,1871,0,0.09,2.72,Indianapolis,IND,"Indianapolis, IN"
8/15/2014,63,49,77,65,84,45,96,1979,2010,0,0.1,2.26,Indianapolis,IND,"Indianapolis, IN"
8/16/2014,67,59,75,65,84,50,102,1979,1988,0.09,0.1,1.43,Indianapolis,IND,"Indianapolis, IN"
8/17/2014,73,65,81,65,84,52,99,1963,1988,0.03,0.11,3.18,Indianapolis,IND,"Indianapolis, IN"
8/18/2014,76,65,86,65,84,48,98,1963,1936,0,0.11,1.61,Indianapolis,IND,"Indianapolis, IN"
8/19/2014,76,65,86,64,84,50,100,1896,1936,0.5,0.1,1.65,Indianapolis,IND,"Indianapolis, IN"
8/20/2014,74,64,83,64,84,50,99,1897,1983,0,0.11,2.22,Indianapolis,IND,"Indianapolis, IN"
8/21/2014,78,70,86,64,84,47,100,1950,1936,0.16,0.1,1.23,Indianapolis,IND,"Indianapolis, IN"
8/22/2014,80,73,86,64,84,46,101,1950,1936,0.02,0.1,1.9,Indianapolis,IND,"Indianapolis, IN"
8/23/2014,79,70,88,64,84,46,96,1890,1936,0.81,0.1,2.07,Indianapolis,IND,"Indianapolis, IN"
8/24/2014,78,70,86,64,84,49,98,1927,1936,0,0.09,1.75,Indianapolis,IND,"Indianapolis, IN"
8/25/2014,81,71,90,64,84,49,96,1887,1948,0.78,0.1,1.41,Indianapolis,IND,"Indianapolis, IN"
8/26/2014,81,69,93,63,84,48,97,1945,1948,0.26,0.11,1.9,Indianapolis,IND,"Indianapolis, IN"
8/27/2014,79,70,88,63,84,48,97,1968,1948,0,0.1,2.6,Indianapolis,IND,"Indianapolis, IN"
8/28/2014,75,66,84,63,83,43,96,1986,1953,0,0.1,2.44,Indianapolis,IND,"Indianapolis, IN"
8/29/2014,78,68,87,63,83,41,97,1965,1953,0,0.1,1.38,Indianapolis,IND,"Indianapolis, IN"
8/30/2014,75,71,78,63,83,42,95,1986,1953,0.02,0.1,2.16,Indianapolis,IND,"Indianapolis, IN"
8/31/2014,76,69,83,62,83,44,97,1915,1951,0.01,0.1,2.43,Indianapolis,IND,"Indianapolis, IN"
9/1/2014,77,71,82,62,83,44,100,1987,1953,0,0.1,7.2,Indianapolis,IND,"Indianapolis, IN"
9/2/2014,72,65,79,62,82,45,100,1885,1953,1,0.1,2.1,Indianapolis,IND,"Indianapolis, IN"
9/3/2014,74,64,83,61,82,45,100,1952,2011,0,0.1,2.63,Indianapolis,IND,"Indianapolis, IN"
9/4/2014,77,66,87,61,82,46,98,1952,1954,0,0.09,6.8,Indianapolis,IND,"Indianapolis, IN"
9/5/2014,80,70,90,61,82,45,100,1974,1954,0.02,0.1,1.54,Indianapolis,IND,"Indianapolis, IN"
9/6/2014,67,60,73,60,81,44,99,1988,1954,0,0.1,1.19,Indianapolis,IND,"Indianapolis, IN"
9/7/2014,65,54,76,60,81,42,98,1988,1939,0,0.11,2.71,Indianapolis,IND,"Indianapolis, IN"
9/8/2014,68,56,79,60,81,38,97,1986,1939,0,0.1,2.61,Indianapolis,IND,"Indianapolis, IN"
9/9/2014,69,57,81,59,80,41,98,1883,1939,0,0.1,2.34,Indianapolis,IND,"Indianapolis, IN"
9/10/2014,75,67,82,59,80,40,96,1969,2013,0.9,0.11,2.6,Indianapolis,IND,"Indianapolis, IN"
9/11/2014,64,56,71,58,80,39,95,1917,1897,0,0.11,1.78,Indianapolis,IND,"Indianapolis, IN"
9/12/2014,59,53,64,58,79,40,96,1955,1897,0,0.11,1.08,Indianapolis,IND,"Indianapolis, IN"
9/13/2014,55,47,63,58,79,39,99,1975,1939,0,0.11,1.8,Indianapolis,IND,"Indianapolis, IN"
9/14/2014,57,46,68,57,79,37,100,1964,1939,0,0.11,2.93,Indianapolis,IND,"Indianapolis, IN"
9/15/2014,57,49,65,57,78,42,100,1974,1939,0.54,0.11,2.21,Indianapolis,IND,"Indianapolis, IN"
9/16/2014,59,50,67,56,78,39,96,1984,1939,0.01,0.09,2.53,Indianapolis,IND,"Indianapolis, IN"
9/17/2014,56,45,67,56,77,40,93,1984,1955,0,0.1,1.07,Indianapolis,IND,"Indianapolis, IN"
9/18/2014,61,49,72,55,77,39,95,1959,1953,0,0.09,1.64,Indianapolis,IND,"Indianapolis, IN"
9/19/2014,63,53,73,55,76,38,93,1956,1940,0,0.11,2.29,Indianapolis,IND,"Indianapolis, IN"
9/20/2014,67,54,80,54,76,36,94,1991,1940,0.02,0.1,2.2,Indianapolis,IND,"Indianapolis, IN"
9/21/2014,65,56,74,54,76,35,96,1875,2010,0.04,0.11,1.61,Indianapolis,IND,"Indianapolis, IN"
9/22/2014,57,47,66,53,75,37,93,1999,1895,0,0.11,1.22,Indianapolis,IND,"Indianapolis, IN"
9/23/2014,60,47,72,53,75,34,94,1974,2010,0,0.11,2.11,Indianapolis,IND,"Indianapolis, IN"
9/24/2014,62,47,76,53,74,34,92,1887,2007,0,0.1,1.29,Indianapolis,IND,"Indianapolis, IN"
9/25/2014,66,54,78,52,74,35,92,1950,1891,0,0.11,2.17,Indianapolis,IND,"Indianapolis, IN"
9/26/2014,69,55,82,52,73,37,91,2001,1891,0,0.1,1.62,Indianapolis,IND,"Indianapolis, IN"
9/27/2014,69,56,81,51,73,35,93,1991,1998,0,0.11,2.59,Indianapolis,IND,"Indianapolis, IN"
9/28/2014,71,58,83,51,72,33,91,1942,1939,0,0.11,1.41,Indianapolis,IND,"Indianapolis, IN"
9/29/2014,68,54,82,50,72,34,97,1970,1953,0,0.1,2.45,Indianapolis,IND,"Indianapolis, IN"
9/30/2014,62,52,71,50,72,30,89,1899,1971,0,0.11,1.88,Indianapolis,IND,"Indianapolis, IN"
10/1/2014,63,49,76,50,71,32,89,1946,1897,0,0.1,2.74,Indianapolis,IND,"Indianapolis, IN"
10/2/2014,71,60,81,49,71,29,89,1974,1953,0.14,0.11,1.39,Indianapolis,IND,"Indianapolis, IN"
10/3/2014,59,44,73,49,70,27,90,1974,1954,0.28,0.11,2.61,Indianapolis,IND,"Indianapolis, IN"
10/4/2014,45,40,49,48,70,31,90,1987,1951,0,0.11,1.55,Indianapolis,IND,"Indianapolis, IN"
10/5/2014,50,40,59,48,69,31,87,1968,1922,0.13,0.1,2.93,Indianapolis,IND,"Indianapolis, IN"
10/6/2014,55,42,67,48,69,30,89,1980,2007,0.02,0.11,1.45,Indianapolis,IND,"Indianapolis, IN"
10/7/2014,54,46,62,47,69,27,90,1952,2007,0.33,0.1,1.65,Indianapolis,IND,"Indianapolis, IN"
10/8/2014,56,43,68,47,68,28,91,1987,2007,0,0.1,1.02,Indianapolis,IND,"Indianapolis, IN"
10/9/2014,51,45,56,47,68,30,88,1989,1939,0.02,0.11,1.25,Indianapolis,IND,"Indianapolis, IN"
10/10/2014,52,49,54,46,67,27,88,1964,2010,0.01,0.1,3.88,Indianapolis,IND,"Indianapolis, IN"
10/11/2014,50,42,57,46,67,26,86,1906,2010,0,0.1,1.56,Indianapolis,IND,"Indianapolis, IN"
10/12/2014,54,45,62,46,67,26,86,1988,1879,0.3,0.1,3.01,Indianapolis,IND,"Indianapolis, IN"
10/13/2014,67,58,76,45,66,24,86,1988,1975,0.57,0.1,0.92,Indianapolis,IND,"Indianapolis, IN"
10/14/2014,61,55,67,45,66,24,86,1979,1899,0.56,0.1,1.71,Indianapolis,IND,"Indianapolis, IN"
10/15/2014,55,53,56,45,66,27,87,1876,1897,0.18,0.1,1.14,Indianapolis,IND,"Indianapolis, IN"
10/16/2014,56,51,61,45,65,26,85,1991,1897,0,0.1,1.65,Indianapolis,IND,"Indianapolis, IN"
10/17/2014,59,50,68,44,65,26,86,1948,1950,0,0.1,1.45,Indianapolis,IND,"Indianapolis, IN"
10/18/2014,50,46,54,44,65,22,84,1948,1953,0.09,0.1,2.15,Indianapolis,IND,"Indianapolis, IN"
10/19/2014,50,43,56,44,64,25,85,1992,1953,0,0.1,1.33,Indianapolis,IND,"Indianapolis, IN"
10/20/2014,57,46,68,44,64,23,86,1972,1953,0.01,0.1,1.33,Indianapolis,IND,"Indianapolis, IN"
10/21/2014,51,44,57,43,64,23,86,1952,1953,0.02,0.09,1.43,Indianapolis,IND,"Indianapolis, IN"
10/22/2014,48,38,57,43,63,23,85,1976,1947,0,0.1,1.84,Indianapolis,IND,"Indianapolis, IN"
10/23/2014,49,37,60,43,63,24,86,1969,1963,0,0.09,1.57,Indianapolis,IND,"Indianapolis, IN"
10/24/2014,53,40,66,42,62,20,81,1981,1963,0,0.09,1.52,Indianapolis,IND,"Indianapolis, IN"
10/25/2014,63,50,76,42,62,25,82,1887,1963,0,0.09,1.54,Indianapolis,IND,"Indianapolis, IN"
10/26/2014,55,42,68,42,62,20,82,1962,1963,0,0.1,2.45,Indianapolis,IND,"Indianapolis, IN"
10/27/2014,66,51,80,42,61,24,83,1976,1940,0,0.1,1.71,Indianapolis,IND,"Indianapolis, IN"
10/28/2014,58,46,70,41,61,20,82,1976,1927,0.31,0.1,1.72,Indianapolis,IND,"Indianapolis, IN"
10/29/2014,47,39,54,41,61,22,81,1952,1922,0,0.1,1.16,Indianapolis,IND,"Indianapolis, IN"
10/30/2014,44,34,53,41,60,22,82,1895,1950,0,0.11,1.3,Indianapolis,IND,"Indianapolis, IN"
10/31/2014,40,33,47,41,60,24,82,1988,1950,0.2,0.1,2.01,Indianapolis,IND,"Indianapolis, IN"
11/1/2014,36,29,43,40,59,24,81,1949,1950,0,0.12,1.95,Indianapolis,IND,"Indianapolis, IN"
11/2/2014,37,24,50,40,59,16,78,1951,1961,0,0.11,3.86,Indianapolis,IND,"Indianapolis, IN"
11/3/2014,54,42,66,40,59,11,77,1951,1987,0,0.12,0.65,Indianapolis,IND,"Indianapolis, IN"
11/4/2014,51,44,57,39,58,16,78,1951,2003,0.3,0.11,1.6,Indianapolis,IND,"Indianapolis, IN"
11/5/2014,47,40,54,39,58,15,76,1991,1975,0,0.12,1.92,Indianapolis,IND,"Indianapolis, IN"
11/6/2014,43,39,47,39,57,20,77,1982,1975,0.09,0.12,1.2,Indianapolis,IND,"Indianapolis, IN"
11/7/2014,40,33,46,38,57,16,76,1971,1915,0,0.11,3.51,Indianapolis,IND,"Indianapolis, IN"
11/8/2014,42,36,48,38,56,13,76,1991,1999,0,0.12,1.23,Indianapolis,IND,"Indianapolis, IN"
11/9/2014,40,29,51,38,56,17,76,1991,1999,0,0.11,1.15,Indianapolis,IND,"Indianapolis, IN"
11/10/2014,50,38,62,37,55,17,75,1957,1949,0,0.11,1.54,Indianapolis,IND,"Indianapolis, IN"
11/11/2014,48,34,61,37,55,18,76,1995,1927,0.06,0.12,1.63,Indianapolis,IND,"Indianapolis, IN"
11/12/2014,31,27,34,37,54,14,75,1911,1949,0,0.12,1.64,Indianapolis,IND,"Indianapolis, IN"
11/13/2014,24,20,27,36,54,10,77,1986,1955,0,0.13,2.02,Indianapolis,IND,"Indianapolis, IN"
11/14/2014,25,17,32,36,53,11,76,1986,1971,0,0.14,4.15,Indianapolis,IND,"Indianapolis, IN"
11/15/2014,26,17,34,36,53,12,74,1933,1971,0,0.13,2.55,Indianapolis,IND,"Indianapolis, IN"
11/16/2014,32,28,35,35,52,10,74,1883,1952,0.22,0.13,1.68,Indianapolis,IND,"Indianapolis, IN"
11/17/2014,21,13,29,35,52,4,77,1959,1958,0,0.13,2.48,Indianapolis,IND,"Indianapolis, IN"
11/18/2014,14,9,19,34,51,5,73,1880,1941,0,0.14,4.3,Indianapolis,IND,"Indianapolis, IN"
11/19/2014,26,14,37,34,51,-3,76,1880,1930,0,0.13,2.74,Indianapolis,IND,"Indianapolis, IN"
11/20/2014,24,17,30,33,50,8,75,1914,1942,0,0.13,1.73,Indianapolis,IND,"Indianapolis, IN"
11/21/2014,23,12,33,33,49,2,73,1880,1990,0,0.14,3.71,Indianapolis,IND,"Indianapolis, IN"
11/22/2014,43,30,56,33,49,-5,74,1880,1900,0.02,0.13,1.68,Indianapolis,IND,"Indianapolis, IN"
11/23/2014,50,44,55,32,48,1,73,1880,1999,1.91,0.13,1.91,Indianapolis,IND,"Indianapolis, IN"
11/24/2014,46,36,55,32,48,-1,65,1950,1973,0.18,0.13,1.23,Indianapolis,IND,"Indianapolis, IN"
11/25/2014,31,26,36,31,47,-2,69,1950,1908,0,0.12,2.19,Indianapolis,IND,"Indianapolis, IN"
11/26/2014,30,26,34,31,47,3,70,1898,1984,0,0.12,1.16,Indianapolis,IND,"Indianapolis, IN"
11/27/2014,28,24,31,31,46,1,70,1930,1990,0,0.12,2.03,Indianapolis,IND,"Indianapolis, IN"
11/28/2014,27,19,34,30,46,2,69,1930,1909,0,0.12,1.82,Indianapolis,IND,"Indianapolis, IN"
11/29/2014,44,30,57,30,45,-1,70,1872,1927,0,0.12,1,Indianapolis,IND,"Indianapolis, IN"
11/30/2014,52,39,64,29,45,-2,68,1958,1927,0.02,0.12,1.81,Indianapolis,IND,"Indianapolis, IN"
12/1/2014,33,26,39,29,44,4,70,1886,1970,0.02,0.1,1.39,Indianapolis,IND,"Indianapolis, IN"
12/2/2014,30,26,33,29,44,-3,74,1886,1982,0.01,0.11,1.84,Indianapolis,IND,"Indianapolis, IN"
12/3/2014,36,28,43,28,43,-2,69,1929,1982,0.01,0.1,3.46,Indianapolis,IND,"Indianapolis, IN"
12/4/2014,32,29,35,28,43,5,70,1991,1998,0.06,0.1,0.98,Indianapolis,IND,"Indianapolis, IN"
12/5/2014,37,34,40,27,42,8,70,1886,2001,0.98,0.11,1.14,Indianapolis,IND,"Indianapolis, IN"
12/6/2014,35,30,40,27,42,-1,73,1977,1998,0.26,0.1,1.05,Indianapolis,IND,"Indianapolis, IN"
12/7/2014,33,26,39,27,41,-7,65,1882,1951,0,0.1,1.15,Indianapolis,IND,"Indianapolis, IN"
12/8/2014,36,31,41,26,41,-10,66,1882,1966,0.06,0.11,1.58,Indianapolis,IND,"Indianapolis, IN"
12/9/2014,36,32,39,26,41,-15,65,1876,1952,0.01,0.11,1.39,Indianapolis,IND,"Indianapolis, IN"
12/10/2014,33,30,35,26,40,-8,66,1917,1971,0,0.1,1.37,Indianapolis,IND,"Indianapolis, IN"
12/11/2014,31,25,37,25,40,-9,66,1977,1931,0,0.1,1.87,Indianapolis,IND,"Indianapolis, IN"
12/12/2014,29,22,35,25,40,-7,63,1962,1927,0,0.1,1.06,Indianapolis,IND,"Indianapolis, IN"
12/13/2014,40,34,46,25,39,-4,65,1962,1975,0,0.1,1.73,Indianapolis,IND,"Indianapolis, IN"
12/14/2014,45,41,48,25,39,-4,68,1901,1984,0,0.09,2.12,Indianapolis,IND,"Indianapolis, IN"
12/15/2014,43,41,44,24,39,-10,69,1951,1948,0.01,0.1,1.45,Indianapolis,IND,"Indianapolis, IN"
12/16/2014,39,31,46,24,38,-15,65,1951,1948,0.19,0.1,0.81,Indianapolis,IND,"Indianapolis, IN"
12/17/2014,27,23,31,24,38,-10,64,1989,1984,0,0.1,1.64,Indianapolis,IND,"Indianapolis, IN"
12/18/2014,25,22,27,24,38,-10,65,1884,1877,0,0.09,2.05,Indianapolis,IND,"Indianapolis, IN"
12/19/2014,24,19,29,23,38,-12,67,1884,1877,0,0.1,1.49,Indianapolis,IND,"Indianapolis, IN"
12/20/2014,29,25,32,23,37,-12,66,1963,1949,0,0.1,0.82,Indianapolis,IND,"Indianapolis, IN"
12/21/2014,28,20,36,23,37,-21,67,1989,1967,0,0.11,2.57,Indianapolis,IND,"Indianapolis, IN"
12/22/2014,37,27,46,23,37,-23,61,1989,1949,0.04,0.11,1.62,Indianapolis,IND,"Indianapolis, IN"
12/23/2014,50,45,55,23,37,-15,64,1989,1933,0.17,0.11,1.71,Indianapolis,IND,"Indianapolis, IN"
12/24/2014,40,34,45,22,37,-17,68,1983,1889,0.52,0.1,1.54,Indianapolis,IND,"Indianapolis, IN"
12/25/2014,36,31,41,22,36,-15,64,1983,1893,0.01,0.11,1.36,Indianapolis,IND,"Indianapolis, IN"
12/26/2014,41,30,52,22,36,-5,67,1983,1875,0,0.11,1.22,Indianapolis,IND,"Indianapolis, IN"
12/27/2014,40,33,46,22,36,-7,68,1925,2008,0.2,0.1,1.95,Indianapolis,IND,"Indianapolis, IN"
12/28/2014,28,22,33,22,36,-13,65,1924,1984,0,0.1,2.02,Indianapolis,IND,"Indianapolis, IN"
12/29/2014,29,20,37,22,36,-13,66,1880,1889,0,0.1,1.36,Indianapolis,IND,"Indianapolis, IN"
12/30/2014,23,15,31,21,36,-14,67,1983,1965,0,0.1,1.94,Indianapolis,IND,"Indianapolis, IN"
12/31/2014,16,9,23,21,36,-9,68,1967,1951,0,0.1,1.62,Indianapolis,IND,"Indianapolis, IN"
1/1/2015,26,18,34,21,36,-12,69,1968,1876,0,0.1,3.81,Indianapolis,IND,"Indianapolis, IN"
1/2/2015,32,25,39,21,36,-12,65,1887,2006,0,0.1,1.58,Indianapolis,IND,"Indianapolis, IN"
1/3/2015,43,33,52,21,36,-22,65,1879,1950,0.79,0.1,2.82,Indianapolis,IND,"Indianapolis, IN"
1/4/2015,28,12,44,21,36,-15,66,1879,1998,0.01,0.1,2.44,Indianapolis,IND,"Indianapolis, IN"
1/5/2015,9,4,14,21,35,-25,61,1884,1955,0.11,0.1,2.7,Indianapolis,IND,"Indianapolis, IN"
1/6/2015,14,9,19,21,35,-20,63,1884,2008,0.08,0.09,1.48,Indianapolis,IND,"Indianapolis, IN"
1/7/2015,3,-6,12,21,35,-17,68,1970,2008,0,0.09,1.58,Indianapolis,IND,"Indianapolis, IN"
1/8/2015,7,-7,20,21,35,-13,63,1970,1965,0,0.1,1.41,Indianapolis,IND,"Indianapolis, IN"
1/9/2015,11,1,21,21,35,-18,66,1875,1880,0,0.09,1.15,Indianapolis,IND,"Indianapolis, IN"
1/10/2015,11,-3,24,20,35,-16,62,1982,1975,0,0.09,1.29,Indianapolis,IND,"Indianapolis, IN"
1/11/2015,28,21,34,20,35,-16,70,1977,1890,0.43,0.08,1.16,Indianapolis,IND,"Indianapolis, IN"
1/12/2015,25,19,31,20,35,-19,69,1918,1890,0.19,0.09,1.28,Indianapolis,IND,"Indianapolis, IN"
1/13/2015,16,8,23,20,35,-10,64,1997,1950,0,0.09,1.47,Indianapolis,IND,"Indianapolis, IN"
1/14/2015,13,5,21,20,35,-7,65,1957,1928,0,0.08,1.77,Indianapolis,IND,"Indianapolis, IN"
1/15/2015,25,13,36,20,35,-17,66,1972,1932,0,0.08,1.68,Indianapolis,IND,"Indianapolis, IN"
1/16/2015,32,21,42,20,35,-20,66,1972,1990,0,0.08,1.42,Indianapolis,IND,"Indianapolis, IN"
1/17/2015,39,27,51,20,35,-20,67,1977,1952,0,0.09,1.11,Indianapolis,IND,"Indianapolis, IN"
1/18/2015,36,28,44,20,35,-22,64,1994,1929,0.01,0.08,1.96,Indianapolis,IND,"Indianapolis, IN"
1/19/2015,35,23,47,20,35,-27,69,1994,1907,0,0.08,0.94,Indianapolis,IND,"Indianapolis, IN"
1/20/2015,40,30,50,20,36,-22,70,1985,1906,0,0.08,1.26,Indianapolis,IND,"Indianapolis, IN"
1/21/2015,37,30,43,20,36,-21,68,1984,1906,0,0.08,2.25,Indianapolis,IND,"Indianapolis, IN"
1/22/2015,31,28,33,20,36,-17,64,1936,1964,0,0.07,1.87,Indianapolis,IND,"Indianapolis, IN"
1/23/2015,29,24,34,20,36,-18,67,1936,1909,0,0.08,0.9,Indianapolis,IND,"Indianapolis, IN"
1/24/2015,30,20,39,20,36,-16,70,1963,1967,0,0.08,1.06,Indianapolis,IND,"Indianapolis, IN"
1/25/2015,29,20,37,20,36,-14,71,1897,1950,0.04,0.08,0.92,Indianapolis,IND,"Indianapolis, IN"
1/26/2015,22,17,26,20,36,-12,67,1897,1944,0,0.08,1.41,Indianapolis,IND,"Indianapolis, IN"
1/27/2015,25,20,29,21,36,-10,66,1936,1916,0.01,0.08,1.14,Indianapolis,IND,"Indianapolis, IN"
1/28/2015,25,15,34,21,36,-18,65,1963,2002,0,0.08,2,Indianapolis,IND,"Indianapolis, IN"
1/29/2015,38,30,45,21,36,-13,66,1873,2002,0,0.08,1.5,Indianapolis,IND,"Indianapolis, IN"
1/30/2015,26,20,31,21,36,-11,65,1966,2013,0.01,0.08,1.47,Indianapolis,IND,"Indianapolis, IN"
1/31/2015,26,16,36,21,37,-11,66,2004,1917,0.13,0.08,1.26,Indianapolis,IND,"Indianapolis, IN"
2/1/2015,30,27,33,21,37,-11,63,1951,1911,0.29,0.08,1.21,Indianapolis,IND,"Indianapolis, IN"
2/2/2015,20,13,27,21,37,-19,59,1951,1911,0.01,0.09,1.24,Indianapolis,IND,"Indianapolis, IN"
2/3/2015,26,16,36,21,37,-11,62,1996,1992,0,0.08,2.5,Indianapolis,IND,"Indianapolis, IN"
2/4/2015,29,15,42,21,37,-12,69,1996,1890,0.07,0.08,1.68,Indianapolis,IND,"Indianapolis, IN"
2/5/2015,15,5,24,22,37,-16,66,1979,1927,0,0.09,1.83,Indianapolis,IND,"Indianapolis, IN"
2/6/2015,25,12,37,22,38,-12,64,1977,1925,0,0.07,1.14,Indianapolis,IND,"Indianapolis, IN"
2/7/2015,42,28,55,22,38,-11,66,1977,1925,0,0.08,1.53,Indianapolis,IND,"Indianapolis, IN"
2/8/2015,47,36,57,22,38,-14,68,1895,1937,0,0.08,0.78,Indianapolis,IND,"Indianapolis, IN"
2/9/2015,31,26,36,22,38,-18,66,1899,1943,0,0.08,2.04,Indianapolis,IND,"Indianapolis, IN"
2/10/2015,27,18,36,23,39,-21,73,1982,1932,0,0.09,1.56,Indianapolis,IND,"Indianapolis, IN"
2/11/2015,32,25,39,23,39,-9,75,1885,1999,0,0.08,1.87,Indianapolis,IND,"Indianapolis, IN"
2/12/2015,20,13,27,23,39,-10,66,1899,1984,0,0.08,2.67,Indianapolis,IND,"Indianapolis, IN"
2/13/2015,20,9,31,23,39,-17,67,1899,1938,0,0.08,1.48,Indianapolis,IND,"Indianapolis, IN"
2/14/2015,18,6,30,24,40,-14,65,1905,1954,0,0.09,1.37,Indianapolis,IND,"Indianapolis, IN"
2/15/2015,12,4,20,24,40,-8,72,1875,1954,0,0.08,1.5,Indianapolis,IND,"Indianapolis, IN"
2/16/2015,11,6,16,24,40,-7,72,1943,1883,0.14,0.08,1.58,Indianapolis,IND,"Indianapolis, IN"
2/17/2015,14,1,26,24,41,-9,69,1903,1911,0.01,0.08,0.91,Indianapolis,IND,"Indianapolis, IN"
2/18/2015,9,0,17,25,41,-11,66,1936,1961,0.07,0.08,1.58,Indianapolis,IND,"Indianapolis, IN"
2/19/2015,2,-5,9,25,41,-8,69,1979,1930,0,0.08,1.21,Indianapolis,IND,"Indianapolis, IN"
2/20/2015,6,-6,18,25,42,-8,67,1885,1983,0,0.08,3.02,Indianapolis,IND,"Indianapolis, IN"
2/21/2015,26,16,35,26,42,-4,68,1963,1930,0.47,0.08,1.53,Indianapolis,IND,"Indianapolis, IN"
2/22/2015,22,15,29,26,43,-9,70,1963,1922,0,0.08,2.09,Indianapolis,IND,"Indianapolis, IN"
2/23/2015,11,3,19,26,43,-1,71,1889,2000,0.01,0.09,1.1,Indianapolis,IND,"Indianapolis, IN"
2/24/2015,10,-6,25,26,43,-6,71,2015,2000,0,0.08,1.05,Indianapolis,IND,"Indianapolis, IN"
2/25/2015,24,14,33,27,44,-7,76,1900,2000,0,0.09,2.35,Indianapolis,IND,"Indianapolis, IN"
2/26/2015,16,7,25,27,44,-6,68,1963,1998,0.04,0.09,2.49,Indianapolis,IND,"Indianapolis, IN"
2/27/2015,10,2,18,27,45,-7,73,1963,1996,0,0.09,1.11,Indianapolis,IND,"Indianapolis, IN"
2/28/2015,16,7,25,28,45,2,68,1993,1895,0.23,0.09,1.17,Indianapolis,IND,"Indianapolis, IN"
3/1/2015,27,22,31,28,45,-4,71,1960,1976,0.53,0.1,1.9,Indianapolis,IND,"Indianapolis, IN"
3/2/2015,24,14,34,28,46,-7,74,1980,1992,0,0.09,1.56,Indianapolis,IND,"Indianapolis, IN"
3/3/2015,33,26,40,29,46,-5,77,1943,1992,0.28,0.09,2.01,Indianapolis,IND,"Indianapolis, IN"
3/4/2015,27,19,35,29,47,2,78,1873,1983,0.07,0.1,3,Indianapolis,IND,"Indianapolis, IN"
3/5/2015,16,8,23,29,47,-1,75,1978,1956,0,0.1,3.06,Indianapolis,IND,"Indianapolis, IN"
3/6/2015,16,2,30,30,47,-6,75,1960,1973,0,0.11,1.21,Indianapolis,IND,"Indianapolis, IN"
3/7/2015,32,21,42,30,48,-1,78,1943,1974,0,0.11,1.45,Indianapolis,IND,"Indianapolis, IN"
3/8/2015,38,27,49,30,48,-6,80,1943,1974,0,0.1,2.28,Indianapolis,IND,"Indianapolis, IN"
3/9/2015,40,31,48,31,49,-1,72,1984,1878,0,0.11,1.61,Indianapolis,IND,"Indianapolis, IN"
3/10/2015,45,40,49,31,49,8,74,1934,2009,0.4,0.11,2.54,Indianapolis,IND,"Indianapolis, IN"
3/11/2015,49,34,64,31,50,3,77,1948,1990,0,0.1,2.01,Indianapolis,IND,"Indianapolis, IN"
3/12/2015,46,31,60,32,50,-5,76,1948,1990,0,0.11,1.97,Indianapolis,IND,"Indianapolis, IN"
3/13/2015,48,42,53,32,51,3,80,1960,2007,0.51,0.11,1.51,Indianapolis,IND,"Indianapolis, IN"
3/14/2015,51,43,59,32,51,10,81,1891,2012,0.43,0.11,3.02,Indianapolis,IND,"Indianapolis, IN"
3/15/2015,49,33,65,33,51,6,80,1975,2012,0,0.12,3.06,Indianapolis,IND,"Indianapolis, IN"
3/16/2015,61,47,74,33,52,3,79,1900,1945,0,0.11,1.36,Indianapolis,IND,"Indianapolis, IN"
3/17/2015,47,33,60,33,52,2,77,1900,2012,0,0.12,1.35,Indianapolis,IND,"Indianapolis, IN"
3/18/2015,37,27,46,34,53,7,80,1941,2012,0,0.13,2.03,Indianapolis,IND,"Indianapolis, IN"
3/19/2015,45,40,50,34,53,7,82,1923,2012,0.02,0.12,1.9,Indianapolis,IND,"Indianapolis, IN"
3/20/2015,44,39,48,34,54,3,83,1885,2012,0.03,0.12,2.13,Indianapolis,IND,"Indianapolis, IN"
3/21/2015,49,34,63,34,54,11,84,1876,2012,0,0.12,1.06,Indianapolis,IND,"Indianapolis, IN"
3/22/2015,44,36,52,35,54,9,82,1888,1907,0,0.13,2.36,Indianapolis,IND,"Indianapolis, IN"
3/23/2015,36,30,41,35,55,12,80,1885,1939,0.03,0.12,1.48,Indianapolis,IND,"Indianapolis, IN"
3/24/2015,35,26,44,35,55,2,84,1974,1910,0.04,0.13,2.76,Indianapolis,IND,"Indianapolis, IN"
3/25/2015,48,42,54,36,56,5,81,1974,2007,0.63,0.13,4.7,Indianapolis,IND,"Indianapolis, IN"
3/26/2015,40,34,45,36,56,8,80,1955,1907,0.5,0.12,1.98,Indianapolis,IND,"Indianapolis, IN"
3/27/2015,28,21,35,36,56,11,84,1955,1910,0,0.13,2.27,Indianapolis,IND,"Indianapolis, IN"
3/28/2015,29,17,40,37,57,16,82,1934,1910,0,0.12,1.75,Indianapolis,IND,"Indianapolis, IN"
3/29/2015,38,24,51,37,57,16,82,1887,1895,0.06,0.13,1.46,Indianapolis,IND,"Indianapolis, IN"
3/30/2015,49,36,61,37,58,17,82,1923,1986,0,0.13,1.56,Indianapolis,IND,"Indianapolis, IN"
3/31/2015,54,44,63,38,58,13,85,1923,1981,0,0.13,1.56,Indianapolis,IND,"Indianapolis, IN"
4/1/2015,53,37,69,38,58,20,82,1923,2010,0,0.13,2.85,Indianapolis,IND,"Indianapolis, IN"
4/2/2015,62,52,72,38,59,20,81,1961,2010,0.29,0.12,2.08,Indianapolis,IND,"Indianapolis, IN"
4/3/2015,50,39,61,39,59,21,84,1879,2012,0.11,0.11,1.92,Indianapolis,IND,"Indianapolis, IN"
4/4/2015,43,30,55,39,59,23,80,1975,1929,0,0.12,1.48,Indianapolis,IND,"Indianapolis, IN"
4/5/2015,49,34,64,39,60,20,84,1995,1988,0,0.12,1.87,Indianapolis,IND,"Indianapolis, IN"
4/6/2015,55,47,62,40,60,22,83,1979,2010,0,0.12,1.9,Indianapolis,IND,"Indianapolis, IN"
4/7/2015,61,56,66,40,61,19,83,1982,2001,0.32,0.12,2.08,Indianapolis,IND,"Indianapolis, IN"
4/8/2015,64,55,72,40,61,18,83,1972,2001,0.74,0.13,2.15,Indianapolis,IND,"Indianapolis, IN"
4/9/2015,71,61,80,41,61,18,84,1997,2001,0.24,0.13,1.26,Indianapolis,IND,"Indianapolis, IN"
4/10/2015,56,42,69,41,62,23,84,1989,1930,0.04,0.13,1.97,Indianapolis,IND,"Indianapolis, IN"
4/11/2015,50,38,62,41,62,24,89,1973,1930,0,0.12,1.72,Indianapolis,IND,"Indianapolis, IN"
4/12/2015,57,43,70,42,62,20,86,1940,1930,0,0.12,0.8,Indianapolis,IND,"Indianapolis, IN"
4/13/2015,64,56,71,42,63,18,86,1950,1941,0.04,0.12,1.13,Indianapolis,IND,"Indianapolis, IN"
4/14/2015,58,51,64,42,63,24,85,1943,1883,0,0.13,1.55,Indianapolis,IND,"Indianapolis, IN"
4/15/2015,58,46,69,43,63,24,84,1928,2002,0.07,0.12,1.42,Indianapolis,IND,"Indianapolis, IN"
4/16/2015,61,53,68,43,64,21,87,1875,1896,0.2,0.12,2.08,Indianapolis,IND,"Indianapolis, IN"
4/17/2015,61,46,76,43,64,19,87,1875,1896,0,0.13,1.9,Indianapolis,IND,"Indianapolis, IN"
4/18/2015,64,51,76,44,64,19,87,1875,1977,0,0.13,2.29,Indianapolis,IND,"Indianapolis, IN"
4/19/2015,62,56,67,44,65,23,85,1983,2002,0.93,0.13,3.06,Indianapolis,IND,"Indianapolis, IN"
4/20/2015,52,45,58,44,65,23,85,1897,1915,0.3,0.12,2.66,Indianapolis,IND,"Indianapolis, IN"
4/21/2015,52,41,62,45,65,28,84,1907,1985,0,0.13,1.85,Indianapolis,IND,"Indianapolis, IN"
4/22/2015,44,37,50,45,66,27,85,1936,1960,0.1,0.13,2.34,Indianapolis,IND,"Indianapolis, IN"
4/23/2015,45,32,57,45,66,26,88,1986,1925,0,0.13,1.46,Indianapolis,IND,"Indianapolis, IN"
4/24/2015,47,32,62,46,66,28,90,1910,1925,0,0.13,1.65,Indianapolis,IND,"Indianapolis, IN"
4/25/2015,50,44,56,46,67,27,87,1919,1915,0.62,0.14,2.56,Indianapolis,IND,"Indianapolis, IN"
4/26/2015,49,39,58,46,67,31,87,1976,1915,0,0.13,1.48,Indianapolis,IND,"Indianapolis, IN"
4/27/2015,47,35,58,47,67,30,84,1976,1962,0,0.13,1.56,Indianapolis,IND,"Indianapolis, IN"
4/28/2015,51,39,63,47,68,28,86,1976,1894,0,0.14,1.71,Indianapolis,IND,"Indianapolis, IN"
4/29/2015,54,41,67,47,68,31,86,1976,1942,0,0.14,1.71,Indianapolis,IND,"Indianapolis, IN"
4/30/2015,53,44,61,48,68,31,90,1948,1942,0,0.14,1.66,Indianapolis,IND,"Indianapolis, IN"
5/1/2015,55,39,71,48,68,29,89,1963,1942,0,0.16,1.76,Indianapolis,IND,"Indianapolis, IN"
5/2/2015,62,49,75,48,69,31,87,1961,1959,0,0.15,2.93,Indianapolis,IND,"Indianapolis, IN"
5/3/2015,66,53,78,49,69,29,86,2005,1949,0,0.16,1.56,Indianapolis,IND,"Indianapolis, IN"
5/4/2015,67,58,76,49,69,30,88,1976,1949,0.13,0.16,1.47,Indianapolis,IND,"Indianapolis, IN"
5/5/2015,73,62,83,49,70,35,92,1957,1952,0,0.16,1.79,Indianapolis,IND,"Indianapolis, IN"
5/6/2015,74,61,86,49,70,31,89,1968,1949,0,0.16,2.56,Indianapolis,IND,"Indianapolis, IN"
5/7/2015,75,64,86,50,70,31,87,1974,1926,0,0.16,2.1,Indianapolis,IND,"Indianapolis, IN"
5/8/2015,74,63,85,50,70,31,90,1976,1896,0,0.16,2.34,Indianapolis,IND,"Indianapolis, IN"
5/9/2015,73,66,80,50,71,29,93,1947,1895,0.05,0.16,1.08,Indianapolis,IND,"Indianapolis, IN"
5/10/2015,74,64,83,51,71,28,92,1966,1896,0.05,0.16,1.92,Indianapolis,IND,"Indianapolis, IN"
5/11/2015,70,61,78,51,71,31,89,1945,1896,0.06,0.17,1.95,Indianapolis,IND,"Indianapolis, IN"
5/12/2015,57,50,64,51,72,33,88,1976,1881,0,0.17,2.15,Indianapolis,IND,"Indianapolis, IN"
5/13/2015,55,43,67,52,72,35,88,1878,1956,0,0.18,1.96,Indianapolis,IND,"Indianapolis, IN"
5/14/2015,60,49,70,52,72,33,88,1895,1881,0,0.17,1.84,Indianapolis,IND,"Indianapolis, IN"
5/15/2015,71,60,82,52,72,35,88,1973,2001,0.12,0.16,1.97,Indianapolis,IND,"Indianapolis, IN"
5/16/2015,68,64,71,53,73,32,90,1997,1900,0.53,0.17,1.6,Indianapolis,IND,"Indianapolis, IN"
5/17/2015,72,64,79,53,73,36,90,1973,1962,0,0.17,2.3,Indianapolis,IND,"Indianapolis, IN"
5/18/2015,71,62,79,53,73,35,90,1973,1962,0,0.17,2.36,Indianapolis,IND,"Indianapolis, IN"
5/19/2015,57,48,65,54,74,32,90,2002,1977,0,0.17,1.36,Indianapolis,IND,"Indianapolis, IN"
5/20/2015,48,43,52,54,74,38,90,1894,1977,0,0.16,1.68,Indianapolis,IND,"Indianapolis, IN"
5/21/2015,56,47,64,54,74,36,92,2002,1941,0,0.18,2.69,Indianapolis,IND,"Indianapolis, IN"
5/22/2015,60,44,76,55,75,35,93,1883,1941,0,0.16,2.16,Indianapolis,IND,"Indianapolis, IN"
5/23/2015,67,55,79,55,75,37,92,1963,1939,0,0.16,3.13,Indianapolis,IND,"Indianapolis, IN"
5/24/2015,72,59,85,55,75,37,90,1925,1965,0,0.17,1.55,Indianapolis,IND,"Indianapolis, IN"
5/25/2015,73,67,79,56,76,34,93,1925,1965,0.01,0.16,1.35,Indianapolis,IND,"Indianapolis, IN"
5/26/2015,72,64,80,56,76,35,94,1961,1911,0.07,0.16,2.33,Indianapolis,IND,"Indianapolis, IN"
5/27/2015,73,63,82,56,76,31,94,1961,1911,0.07,0.15,1.62,Indianapolis,IND,"Indianapolis, IN"
5/28/2015,72,60,84,57,76,39,96,1907,1911,0,0.16,1.5,Indianapolis,IND,"Indianapolis, IN"
5/29/2015,75,65,84,57,77,36,93,1965,1895,0,0.16,2.19,Indianapolis,IND,"Indianapolis, IN"
5/30/2015,75,66,84,57,77,37,94,1947,1895,1.28,0.15,3.8,Indianapolis,IND,"Indianapolis, IN"
5/31/2015,61,55,67,58,77,36,96,1889,1895,0.08,0.16,2.61,Indianapolis,IND,"Indianapolis, IN"
6/1/2015,58,52,64,58,78,39,96,2003,1934,0,0.14,1.95,Indianapolis,IND,"Indianapolis, IN"
6/2/2015,60,49,70,58,78,39,100,1956,1934,0,0.15,3,Indianapolis,IND,"Indianapolis, IN"
6/3/2015,61,51,71,59,78,40,100,1929,1895,0,0.14,2.89,Indianapolis,IND,"Indianapolis, IN"
6/4/2015,70,57,82,59,79,43,95,1946,2011,0,0.14,2.87,Indianapolis,IND,"Indianapolis, IN"
6/5/2015,75,63,87,59,79,40,98,1945,1925,0,0.15,1.51,Indianapolis,IND,"Indianapolis, IN"
6/6/2015,69,61,76,60,79,39,96,1894,1933,0,0.15,2.62,Indianapolis,IND,"Indianapolis, IN"
6/7/2015,75,62,88,60,80,41,98,1894,1933,0,0.14,3.8,Indianapolis,IND,"Indianapolis, IN"
6/8/2015,70,60,79,60,80,44,95,1913,1933,1.9,0.15,2.14,Indianapolis,IND,"Indianapolis, IN"
6/9/2015,70,58,82,60,80,41,94,1885,1914,0,0.14,2.11,Indianapolis,IND,"Indianapolis, IN"
6/10/2015,78,65,90,61,81,44,96,1988,1933,0,0.14,2.21,Indianapolis,IND,"Indianapolis, IN"
6/11/2015,80,69,90,61,81,41,96,1980,1933,0,0.14,2.9,Indianapolis,IND,"Indianapolis, IN"
6/12/2015,81,72,89,61,81,42,96,1903,1894,0.21,0.13,3.04,Indianapolis,IND,"Indianapolis, IN"
6/13/2015,80,71,88,62,82,45,95,1903,1894,0,0.14,2.2,Indianapolis,IND,"Indianapolis, IN"
6/14/2015,78,70,86,62,82,45,94,1955,1954,0.13,0.14,2.12,Indianapolis,IND,"Indianapolis, IN"
6/15/2015,79,70,88,62,82,45,94,1917,1952,0.54,0.13,1.82,Indianapolis,IND,"Indianapolis, IN"
6/16/2015,78,71,84,63,82,41,96,1917,1913,0.5,0.13,1.98,Indianapolis,IND,"Indianapolis, IN"
6/17/2015,76,72,79,63,83,46,95,1980,1913,0.75,0.14,1.73,Indianapolis,IND,"Indianapolis, IN"
6/18/2015,77,68,86,63,83,45,96,1960,1962,0.67,0.14,2.05,Indianapolis,IND,"Indianapolis, IN"
6/19/2015,73,68,78,63,83,48,97,1980,1953,0.67,0.14,1.75,Indianapolis,IND,"Indianapolis, IN"
6/20/2015,75,70,79,64,83,44,100,1980,1953,0,0.14,2.03,Indianapolis,IND,"Indianapolis, IN"
6/21/2015,75,65,84,64,84,41,98,1992,1988,0.27,0.14,1.95,Indianapolis,IND,"Indianapolis, IN"
6/22/2015,78,69,86,64,84,37,99,1992,1988,0,0.15,1.92,Indianapolis,IND,"Indianapolis, IN"
6/23/2015,76,68,83,64,84,44,96,1918,1930,0,0.14,2.81,Indianapolis,IND,"Indianapolis, IN"
6/24/2015,71,62,80,64,84,49,98,1887,1933,0,0.15,0.92,Indianapolis,IND,"Indianapolis, IN"
6/25/2015,75,66,83,65,84,46,102,1972,1988,0.85,0.15,3.73,Indianapolis,IND,"Indianapolis, IN"
6/26/2015,71,66,76,65,85,49,102,1979,1954,1.57,0.14,3.09,Indianapolis,IND,"Indianapolis, IN"
6/27/2015,66,60,72,65,85,48,100,1926,1934,0,0.14,2.79,Indianapolis,IND,"Indianapolis, IN"
6/28/2015,67,55,78,65,85,50,104,1950,2012,0.09,0.15,1.65,Indianapolis,IND,"Indianapolis, IN"
6/29/2015,70,63,77,65,85,48,103,1923,2012,0.21,0.14,1.63,Indianapolis,IND,"Indianapolis, IN"
6/30/2015,73,64,82,65,85,46,97,1943,1933,0,0.14,1.5,Indianapolis,IND,"Indianapolis, IN"
7/1/2014,81,70,91,67,89,56,104,1919,2012,0,0.1,5.91,Charlotte,CLT,"Charlotte, NC"
7/2/2014,85,74,95,68,89,56,101,2008,1931,0,0.1,1.53,Charlotte,CLT,"Charlotte, NC"
7/3/2014,82,71,93,68,89,56,99,2010,1931,0.14,0.11,2.5,Charlotte,CLT,"Charlotte, NC"
7/4/2014,75,64,86,68,89,55,99,1933,1955,0,0.1,2.63,Charlotte,CLT,"Charlotte, NC"
7/5/2014,72,60,84,68,89,57,100,1967,1954,0,0.1,1.65,Charlotte,CLT,"Charlotte, NC"
7/6/2014,74,61,87,68,89,57,99,1964,1948,0,0.1,1.95,Charlotte,CLT,"Charlotte, NC"
7/7/2014,79,67,91,68,89,55,100,1972,1954,0,0.11,2.37,Charlotte,CLT,"Charlotte, NC"
7/8/2014,83,72,94,68,89,58,101,1892,2010,0,0.11,1.87,Charlotte,CLT,"Charlotte, NC"
7/9/2014,80,71,89,68,89,57,101,1891,1986,0.15,0.12,3.71,Charlotte,CLT,"Charlotte, NC"
7/10/2014,78,71,85,68,89,53,101,1961,1926,0,0.11,2.45,Charlotte,CLT,"Charlotte, NC"
7/11/2014,78,68,87,68,89,55,100,1961,1986,0,0.12,3.1,Charlotte,CLT,"Charlotte, NC"
7/12/2014,79,67,91,68,89,59,102,1953,1930,0,0.11,1.95,Charlotte,CLT,"Charlotte, NC"
7/13/2014,81,69,92,68,89,56,100,1918,1986,0,0.12,2.09,Charlotte,CLT,"Charlotte, NC"
7/14/2014,85,74,96,68,89,59,102,2007,1954,0,0.12,2.15,Charlotte,CLT,"Charlotte, NC"
7/15/2014,81,67,94,68,89,58,100,2001,1893,0.87,0.12,4.61,Charlotte,CLT,"Charlotte, NC"
7/16/2014,76,66,85,68,89,58,100,2001,1887,0,0.12,1.47,Charlotte,CLT,"Charlotte, NC"
7/17/2014,74,63,84,68,89,62,100,1886,1986,0,0.12,4.14,Charlotte,CLT,"Charlotte, NC"
7/18/2014,77,70,83,68,89,62,102,1896,1887,0,0.12,1.82,Charlotte,CLT,"Charlotte, NC"
7/19/2014,70,66,74,68,89,60,103,2009,1986,0.17,0.12,2.3,Charlotte,CLT,"Charlotte, NC"
7/20/2014,74,65,83,68,89,60,101,1910,1986,0,0.12,1.25,Charlotte,CLT,"Charlotte, NC"
7/21/2014,74,70,77,68,89,57,103,1890,1986,1.3,0.12,3.83,Charlotte,CLT,"Charlotte, NC"
7/22/2014,79,72,85,68,89,58,103,2001,1926,0,0.12,2.56,Charlotte,CLT,"Charlotte, NC"
7/23/2014,80,69,90,68,89,56,101,2007,1987,0,0.13,6.88,Charlotte,CLT,"Charlotte, NC"
7/24/2014,80,71,89,68,89,59,100,1947,1952,0.06,0.12,2.83,Charlotte,CLT,"Charlotte, NC"
7/25/2014,77,68,86,68,89,62,101,1947,2010,0,0.13,2.34,Charlotte,CLT,"Charlotte, NC"
7/26/2014,78,66,89,68,89,60,100,1904,2005,0,0.13,2.84,Charlotte,CLT,"Charlotte, NC"
7/27/2014,80,70,90,68,89,57,103,1920,1940,0.18,0.13,2.46,Charlotte,CLT,"Charlotte, NC"
7/28/2014,79,68,90,68,89,54,102,1962,1952,0.06,0.13,2.98,Charlotte,CLT,"Charlotte, NC"
7/29/2014,73,62,83,68,89,59,103,1920,1952,0,0.14,2.04,Charlotte,CLT,"Charlotte, NC"
7/30/2014,74,63,85,68,89,58,101,1914,2011,0,0.14,4.24,Charlotte,CLT,"Charlotte, NC"
7/31/2014,72,65,78,68,89,56,100,1914,1999,1.45,0.14,1.45,Charlotte,CLT,"Charlotte, NC"
8/1/2014,68,65,70,68,89,58,98,1966,1957,2.39,0.14,2.39,Charlotte,CLT,"Charlotte, NC"
8/2/2014,69,65,72,68,89,59,98,1895,1942,0,0.14,2,Charlotte,CLT,"Charlotte, NC"
8/3/2014,77,67,86,68,89,60,98,1998,2011,0,0.15,4.51,Charlotte,CLT,"Charlotte, NC"
8/4/2014,78,69,87,68,89,58,98,1912,1935,0,0.15,2.59,Charlotte,CLT,"Charlotte, NC"
8/5/2014,77,65,88,68,89,55,100,1912,1954,0,0.15,3.01,Charlotte,CLT,"Charlotte, NC"
8/6/2014,78,68,88,68,88,57,102,1912,1956,0.17,0.14,3.19,Charlotte,CLT,"Charlotte, NC"
8/7/2014,78,67,88,68,88,50,100,2004,1963,0,0.13,1.53,Charlotte,CLT,"Charlotte, NC"
8/8/2014,77,73,81,68,88,55,102,2004,2007,0,0.13,1.37,Charlotte,CLT,"Charlotte, NC"
8/9/2014,76,68,84,68,88,56,104,2002,2007,0,0.13,1.26,Charlotte,CLT,"Charlotte, NC"
8/10/2014,70,67,73,68,88,56,104,1879,2007,0.01,0.13,2.26,Charlotte,CLT,"Charlotte, NC"
8/11/2014,78,71,85,68,88,58,98,1879,1956,0.58,0.13,3.04,Charlotte,CLT,"Charlotte, NC"
8/12/2014,81,72,89,68,88,57,100,1890,1925,0.31,0.13,2.25,Charlotte,CLT,"Charlotte, NC"
8/13/2014,75,65,84,68,88,57,102,1979,1956,0,0.14,1.27,Charlotte,CLT,"Charlotte, NC"
8/14/2014,71,59,83,68,88,57,98,1967,1925,0,0.14,2,Charlotte,CLT,"Charlotte, NC"
8/15/2014,73,60,86,68,88,55,99,1964,2007,0,0.14,3.17,Charlotte,CLT,"Charlotte, NC"
8/16/2014,77,68,86,68,88,57,102,1924,1954,0,0.14,2.51,Charlotte,CLT,"Charlotte, NC"
8/17/2014,78,67,89,67,88,55,97,1979,1911,0,0.14,2.92,Charlotte,CLT,"Charlotte, NC"
8/18/2014,81,71,90,67,88,59,101,1976,1988,0,0.13,1.76,Charlotte,CLT,"Charlotte, NC"
8/19/2014,80,70,90,67,87,59,100,1981,1988,0,0.14,1.96,Charlotte,CLT,"Charlotte, NC"
8/20/2014,79,67,91,67,87,56,103,1918,1925,0,0.14,1.84,Charlotte,CLT,"Charlotte, NC"
8/21/2014,80,67,93,67,87,56,103,1998,1983,0,0.13,2.22,Charlotte,CLT,"Charlotte, NC"
8/22/2014,83,70,95,67,87,57,101,1886,1983,0,0.15,2.81,Charlotte,CLT,"Charlotte, NC"
8/23/2014,82,73,91,67,87,53,103,1930,1983,0.08,0.13,2.74,Charlotte,CLT,"Charlotte, NC"
8/24/2014,74,66,81,67,87,55,97,1888,1968,0.14,0.14,2.35,Charlotte,CLT,"Charlotte, NC"
8/25/2014,72,60,83,66,87,56,98,1952,1943,0,0.14,3.16,Charlotte,CLT,"Charlotte, NC"
8/26/2014,72,60,84,66,87,55,100,1942,1954,0,0.14,5.36,Charlotte,CLT,"Charlotte, NC"
8/27/2014,72,57,87,66,86,55,101,1952,1954,0,0.13,4.39,Charlotte,CLT,"Charlotte, NC"
8/28/2014,77,61,92,66,86,55,98,1905,1924,0,0.13,4.64,Charlotte,CLT,"Charlotte, NC"
8/29/2014,79,69,88,66,86,54,100,1986,1948,0,0.13,1.42,Charlotte,CLT,"Charlotte, NC"
8/30/2014,79,68,90,66,86,53,101,1965,1932,0,0.12,2.54,Charlotte,CLT,"Charlotte, NC"
8/31/2014,83,74,91,65,86,53,99,1946,1957,0.06,0.12,3.4,Charlotte,CLT,"Charlotte, NC"
9/1/2014,82,71,93,65,85,51,99,1999,1957,0,0.11,2.93,Charlotte,CLT,"Charlotte, NC"
9/2/2014,82,69,94,65,85,53,99,1967,1932,0,0.12,1.2,Charlotte,CLT,"Charlotte, NC"
9/3/2014,81,68,93,65,85,52,98,1967,1925,0.63,0.11,2.67,Charlotte,CLT,"Charlotte, NC"
9/4/2014,77,69,85,64,85,54,100,1952,1925,0.82,0.11,1.15,Charlotte,CLT,"Charlotte, NC"
9/5/2014,79,69,89,64,84,54,101,1967,1954,0.01,0.11,2.46,Charlotte,CLT,"Charlotte, NC"
9/6/2014,80,70,90,64,84,53,104,1924,1954,0,0.11,3.47,Charlotte,CLT,"Charlotte, NC"
9/7/2014,79,70,88,64,84,53,100,1924,1925,0.09,0.11,2.38,Charlotte,CLT,"Charlotte, NC"
9/8/2014,70,67,73,63,84,54,99,1988,1925,0,0.11,1.96,Charlotte,CLT,"Charlotte, NC"
9/9/2014,72,66,77,63,83,46,101,1998,1939,0,0.11,1.92,Charlotte,CLT,"Charlotte, NC"
9/10/2014,72,65,79,63,83,47,98,1998,1939,0,0.1,3.64,Charlotte,CLT,"Charlotte, NC"
9/11/2014,77,64,89,62,83,49,96,1956,1925,0.09,0.1,1.8,Charlotte,CLT,"Charlotte, NC"
9/12/2014,81,72,90,62,83,45,95,1917,1925,0.08,0.09,1.76,Charlotte,CLT,"Charlotte, NC"
9/13/2014,76,66,86,62,82,49,94,1917,1962,1.56,0.11,4.12,Charlotte,CLT,"Charlotte, NC"
9/14/2014,66,62,69,61,82,47,97,1985,1897,0,0.1,3.23,Charlotte,CLT,"Charlotte, NC"
9/15/2014,76,65,86,61,81,47,96,2000,1956,0.37,0.11,4.06,Charlotte,CLT,"Charlotte, NC"
9/16/2014,76,65,86,61,81,47,96,2000,1956,0.37,0.11,4.06,Charlotte,CLT,"Charlotte, NC"
9/17/2014,69,63,74,60,81,46,96,1984,1954,0,0.11,3.14,Charlotte,CLT,"Charlotte, NC"
9/18/2014,71,62,80,60,81,48,99,2001,1896,0,0.11,4.84,Charlotte,CLT,"Charlotte, NC"
9/19/2014,73,67,79,59,80,46,97,1984,1954,0.02,0.1,2.72,Charlotte,CLT,"Charlotte, NC"
9/20/2014,71,59,82,59,80,45,98,1929,1925,0,0.11,2.82,Charlotte,CLT,"Charlotte, NC"
9/21/2014,71,57,85,59,80,43,97,1918,1895,0,0.11,2.74,Charlotte,CLT,"Charlotte, NC"
9/22/2014,69,61,76,58,79,43,98,1918,1895,0,0.1,2.92,Charlotte,CLT,"Charlotte, NC"
9/23/2014,59,53,65,58,79,39,97,1999,1931,0.02,0.11,1.69,Charlotte,CLT,"Charlotte, NC"
9/24/2014,59,53,64,57,79,43,95,1999,1895,0.19,0.1,3.89,Charlotte,CLT,"Charlotte, NC"
9/25/2014,66,61,70,57,78,40,94,1887,2010,0.01,0.11,1.31,Charlotte,CLT,"Charlotte, NC"
9/26/2014,67,62,71,57,78,42,94,1950,1961,0,0.11,2.54,Charlotte,CLT,"Charlotte, NC"
9/27/2014,69,59,78,56,78,43,93,1940,1900,0,0.11,1.94,Charlotte,CLT,"Charlotte, NC"
9/28/2014,68,60,76,56,77,41,93,1947,1954,0,0.12,3.38,Charlotte,CLT,"Charlotte, NC"
9/29/2014,67,64,70,55,77,40,93,1942,1941,0.09,0.11,3.59,Charlotte,CLT,"Charlotte, NC"
9/30/2014,71,59,83,55,77,38,91,1888,1926,0,0.12,3.65,Charlotte,CLT,"Charlotte, NC"
10/1/2014,70,56,84,54,76,39,92,1899,1954,0,0.12,3.8,Charlotte,CLT,"Charlotte, NC"
10/2/2014,72,59,85,54,76,36,92,1899,1954,0,0.11,1.6,Charlotte,CLT,"Charlotte, NC"
10/3/2014,70,61,79,54,76,36,91,1974,1954,0.03,0.12,2.15,Charlotte,CLT,"Charlotte, NC"
10/4/2014,55,43,67,53,75,33,95,1974,1954,0,0.12,4.21,Charlotte,CLT,"Charlotte, NC"
10/5/2014,52,38,65,53,75,38,97,1974,1954,0,0.12,1.16,Charlotte,CLT,"Charlotte, NC"
10/6/2014,62,47,76,52,75,38,98,1935,1954,0,0.12,1.98,Charlotte,CLT,"Charlotte, NC"
10/7/2014,67,53,80,52,74,34,91,1935,1951,0,0.11,2.7,Charlotte,CLT,"Charlotte, NC"
10/8/2014,72,58,86,52,74,34,93,1889,1941,0,0.12,3.82,Charlotte,CLT,"Charlotte, NC"
10/9/2014,66,52,80,51,74,31,92,2000,2007,0,0.12,3.8,Charlotte,CLT,"Charlotte, NC"
10/10/2014,72,60,84,51,74,30,89,2000,1939,0,0.11,4.18,Charlotte,CLT,"Charlotte, NC"
10/11/2014,78,68,87,51,73,29,90,2000,1939,0.08,0.12,2.58,Charlotte,CLT,"Charlotte, NC"
10/12/2014,63,58,68,50,73,31,87,1906,1919,0.02,0.12,2.82,Charlotte,CLT,"Charlotte, NC"
10/13/2014,66,59,72,50,73,35,91,1964,1954,0.04,0.12,1.93,Charlotte,CLT,"Charlotte, NC"
10/14/2014,73,64,82,49,72,32,87,2006,1940,0.45,0.11,2.27,Charlotte,CLT,"Charlotte, NC"
10/15/2014,66,58,73,49,72,30,88,2006,1985,0.24,0.11,1.83,Charlotte,CLT,"Charlotte, NC"
10/16/2014,61,50,71,49,72,35,87,1939,1925,0,0.11,4.76,Charlotte,CLT,"Charlotte, NC"
10/17/2014,59,44,74,48,71,35,85,2001,1962,0,0.11,1.9,Charlotte,CLT,"Charlotte, NC"
10/18/2014,65,53,76,48,71,31,87,2001,1938,0,0.12,2.34,Charlotte,CLT,"Charlotte, NC"
10/19/2014,57,45,69,48,71,30,87,2009,1938,0,0.1,1.2,Charlotte,CLT,"Charlotte, NC"
10/20/2014,59,46,71,47,71,30,86,1972,1926,0,0.11,2.33,Charlotte,CLT,"Charlotte, NC"
10/21/2014,61,47,75,47,70,30,88,1952,1943,0,0.11,1.31,Charlotte,CLT,"Charlotte, NC"
10/22/2014,56,44,68,47,70,29,85,1952,1939,0,0.1,4.52,Charlotte,CLT,"Charlotte, NC"
10/23/2014,55,40,70,46,70,31,88,1998,1941,0,0.11,1.72,Charlotte,CLT,"Charlotte, NC"
10/24/2014,54,39,69,46,70,28,88,2006,1939,0,0.1,0.85,Charlotte,CLT,"Charlotte, NC"
10/25/2014,57,39,74,46,69,27,84,2006,1931,0,0.09,2.65,Charlotte,CLT,"Charlotte, NC"
10/26/2014,66,48,83,45,69,27,86,2013,1940,0,0.1,1.85,Charlotte,CLT,"Charlotte, NC"
10/27/2014,62,43,80,45,69,24,86,1962,1939,0,0.09,2.03,Charlotte,CLT,"Charlotte, NC"
10/28/2014,68,52,84,45,68,26,87,2001,1940,0,0.1,1.23,Charlotte,CLT,"Charlotte, NC"
10/29/2014,69,58,79,44,68,27,82,1976,1984,0,0.1,1.65,Charlotte,CLT,"Charlotte, NC"
10/30/2014,57,45,68,44,68,26,84,1952,1950,0,0.1,2.51,Charlotte,CLT,"Charlotte, NC"
10/31/2014,50,39,61,44,68,29,85,2008,1950,0.49,0.1,1.68,Charlotte,CLT,"Charlotte, NC"
11/1/2014,47,40,53,43,67,29,84,1954,1950,0.28,0.1,1.14,Charlotte,CLT,"Charlotte, NC"
11/2/2014,44,30,57,43,67,27,85,1954,1961,0,0.1,1.82,Charlotte,CLT,"Charlotte, NC"
11/3/2014,45,24,65,43,67,24,84,1954,1961,0,0.1,1.69,Charlotte,CLT,"Charlotte, NC"
11/4/2014,53,39,67,43,66,22,83,1966,1961,0,0.1,1.97,Charlotte,CLT,"Charlotte, NC"
11/5/2014,60,49,70,42,66,24,81,2006,2003,0,0.1,0.97,Charlotte,CLT,"Charlotte, NC"
11/6/2014,60,48,71,42,66,26,82,1976,2003,0.04,0.1,1.34,Charlotte,CLT,"Charlotte, NC"
11/7/2014,50,39,61,42,65,26,78,1998,1888,0,0.1,1.71,Charlotte,CLT,"Charlotte, NC"
11/8/2014,45,31,58,41,65,25,78,1967,1934,0,0.11,2.79,Charlotte,CLT,"Charlotte, NC"
11/9/2014,51,38,63,41,65,24,82,1976,2005,0,0.1,2.76,Charlotte,CLT,"Charlotte, NC"
11/10/2014,51,32,69,41,64,28,83,1973,2006,0,0.1,1.43,Charlotte,CLT,"Charlotte, NC"
11/11/2014,57,39,74,41,64,24,78,1973,2006,0,0.09,1.82,Charlotte,CLT,"Charlotte, NC"
11/12/2014,59,41,77,40,64,24,81,1894,1989,0,0.1,1.54,Charlotte,CLT,"Charlotte, NC"
11/13/2014,53,46,60,40,63,21,81,2013,1931,0,0.1,1.93,Charlotte,CLT,"Charlotte, NC"
11/14/2014,37,28,46,40,63,21,80,2013,1879,0.01,0.11,1.23,Charlotte,CLT,"Charlotte, NC"
11/15/2014,35,25,45,39,63,20,82,1969,1993,0,0.1,1.32,Charlotte,CLT,"Charlotte, NC"
11/16/2014,41,29,53,39,62,22,82,1969,1958,0,0.1,2.26,Charlotte,CLT,"Charlotte, NC"
11/17/2014,47,36,57,39,62,20,84,1883,1958,0.63,0.11,1.9,Charlotte,CLT,"Charlotte, NC"
11/18/2014,30,20,39,38,62,20,78,2014,1942,0,0.1,1.93,Charlotte,CLT,"Charlotte, NC"
11/19/2014,29,14,44,38,61,14,78,2014,1942,0,0.11,2.04,Charlotte,CLT,"Charlotte, NC"
11/20/2014,47,34,59,38,61,18,79,1951,1942,0,0.11,1.36,Charlotte,CLT,"Charlotte, NC"
11/21/2014,44,30,58,38,61,19,78,1914,1942,0,0.11,3.26,Charlotte,CLT,"Charlotte, NC"
11/22/2014,39,22,55,37,60,13,76,2008,2011,0,0.11,1.68,Charlotte,CLT,"Charlotte, NC"
11/23/2014,54,42,65,37,60,18,78,1880,1900,1.72,0.11,1.72,Charlotte,CLT,"Charlotte, NC"
11/24/2014,67,59,74,37,59,16,75,1970,1958,0,0.11,1.68,Charlotte,CLT,"Charlotte, NC"
11/25/2014,58,49,66,37,59,13,76,1970,1921,0.22,0.1,2.42,Charlotte,CLT,"Charlotte, NC"
11/26/2014,46,40,52,36,59,11,75,1950,2001,0.89,0.11,2.36,Charlotte,CLT,"Charlotte, NC"
11/27/2014,43,34,52,36,58,18,77,1903,2001,0,0.11,1.54,Charlotte,CLT,"Charlotte, NC"
11/28/2014,36,25,47,36,58,19,77,2013,1990,0,0.11,2.93,Charlotte,CLT,"Charlotte, NC"
11/29/2014,44,31,56,35,58,20,76,1955,2001,0,0.12,1.37,Charlotte,CLT,"Charlotte, NC"
11/30/2014,54,39,68,35,57,15,76,1929,1991,0,0.11,2.09,Charlotte,CLT,"Charlotte, NC"
12/1/2014,57,41,73,35,57,15,76,1964,1946,0,0.11,1.21,Charlotte,CLT,"Charlotte, NC"
12/2/2014,49,42,55,35,57,20,76,1924,1991,0,0.11,1.85,Charlotte,CLT,"Charlotte, NC"
12/3/2014,53,42,64,34,56,20,75,1960,1998,0,0.12,2.96,Charlotte,CLT,"Charlotte, NC"
12/4/2014,56,49,63,34,56,18,76,2000,1956,0,0.11,1.93,Charlotte,CLT,"Charlotte, NC"
12/5/2014,47,42,51,34,56,18,75,1969,1998,0.04,0.11,2.06,Charlotte,CLT,"Charlotte, NC"
12/6/2014,47,42,52,34,55,18,78,1895,1998,0.12,0.1,2.37,Charlotte,CLT,"Charlotte, NC"
12/7/2014,48,39,56,33,55,12,76,2010,1998,0,0.1,1.56,Charlotte,CLT,"Charlotte, NC"
12/8/2014,40,36,43,33,55,10,76,1882,1998,0.14,0.11,1.15,Charlotte,CLT,"Charlotte, NC"
12/9/2014,46,37,55,33,54,14,78,2006,1943,0,0.1,1.78,Charlotte,CLT,"Charlotte, NC"
12/10/2014,43,32,53,33,54,13,80,1917,2007,0,0.1,1.91,Charlotte,CLT,"Charlotte, NC"
12/11/2014,37,23,51,33,54,13,79,1957,2007,0,0.11,1.69,Charlotte,CLT,"Charlotte, NC"
12/12/2014,41,22,60,32,54,7,79,1962,2007,0,0.11,1.57,Charlotte,CLT,"Charlotte, NC"
12/13/2014,46,25,66,32,53,2,77,1962,2007,0,0.1,1.78,Charlotte,CLT,"Charlotte, NC"
12/14/2014,46,29,63,32,53,12,73,1962,1948,0,0.1,2.38,Charlotte,CLT,"Charlotte, NC"
12/15/2014,43,26,60,32,53,10,73,2010,1948,0,0.1,2.46,Charlotte,CLT,"Charlotte, NC"
12/16/2014,48,37,58,32,53,12,75,1958,1971,0.09,0.1,1.58,Charlotte,CLT,"Charlotte, NC"
12/17/2014,46,31,60,32,52,14,73,1901,1956,0,0.1,1.3,Charlotte,CLT,"Charlotte, NC"
12/18/2014,43,30,56,31,52,11,75,1953,1984,0,0.1,1.74,Charlotte,CLT,"Charlotte, NC"
12/19/2014,43,30,56,31,52,11,76,1963,1984,0,0.11,0.85,Charlotte,CLT,"Charlotte, NC"
12/20/2014,44,40,48,31,52,12,79,1884,1931,0.03,0.1,2.38,Charlotte,CLT,"Charlotte, NC"
12/21/2014,47,42,51,31,52,10,73,1901,2013,0,0.1,2.19,Charlotte,CLT,"Charlotte, NC"
12/22/2014,42,38,46,31,51,11,72,1960,1998,0.26,0.11,2.27,Charlotte,CLT,"Charlotte, NC"
12/23/2014,42,37,47,31,51,8,73,1989,1990,0.29,0.11,2.12,Charlotte,CLT,"Charlotte, NC"
12/24/2014,53,45,60,31,51,6,71,1983,1982,0.91,0.11,1.47,Charlotte,CLT,"Charlotte, NC"
12/25/2014,45,32,57,30,51,4,77,1983,1955,0,0.1,2.32,Charlotte,CLT,"Charlotte, NC"
12/26/2014,43,27,59,30,51,6,76,1983,1889,0,0.11,1.72,Charlotte,CLT,"Charlotte, NC"
12/27/2014,48,32,64,30,51,15,72,1970,1971,0,0.1,1.25,Charlotte,CLT,"Charlotte, NC"
12/28/2014,55,49,60,30,51,10,77,1925,1971,0.04,0.11,1.67,Charlotte,CLT,"Charlotte, NC"
12/29/2014,51,44,58,30,51,2,74,1894,1984,0.59,0.1,1.82,Charlotte,CLT,"Charlotte, NC"
12/30/2014,39,32,45,30,50,-5,76,1880,1984,0.06,0.1,1.21,Charlotte,CLT,"Charlotte, NC"
12/31/2014,37,27,46,30,50,0,70,1890,1996,0,0.1,2.15,Charlotte,CLT,"Charlotte, NC"
1/1/2015,40,26,53,30,50,10,74,1928,1985,0,0.11,1.54,Charlotte,CLT,"Charlotte, NC"
1/2/2015,47,42,52,30,50,6,78,1928,1952,0.12,0.1,2.1,Charlotte,CLT,"Charlotte, NC"
1/3/2015,50,47,52,30,50,8,74,1887,2004,0.25,0.11,1.93,Charlotte,CLT,"Charlotte, NC"
1/4/2015,56,47,65,30,50,8,75,1887,1950,0.26,0.11,1.32,Charlotte,CLT,"Charlotte, NC"
1/5/2015,45,36,54,30,50,10,72,1920,1950,0,0.12,1.77,Charlotte,CLT,"Charlotte, NC"
1/6/2015,41,24,57,30,50,5,73,1884,1950,0,0.11,3.45,Charlotte,CLT,"Charlotte, NC"
1/7/2015,29,16,41,29,50,6,77,2014,1890,0,0.12,1.76,Charlotte,CLT,"Charlotte, NC"
1/8/2015,18,8,28,29,50,8,74,1970,1946,0,0.11,1.47,Charlotte,CLT,"Charlotte, NC"
1/9/2015,34,22,45,29,50,4,72,1970,2008,0,0.11,1.91,Charlotte,CLT,"Charlotte, NC"
1/10/2015,30,19,41,29,50,4,76,1970,1949,0,0.12,2.35,Charlotte,CLT,"Charlotte, NC"
1/11/2015,31,15,46,29,50,0,78,1886,1949,0.08,0.12,1.78,Charlotte,CLT,"Charlotte, NC"
1/12/2015,41,37,45,29,50,-1,75,1886,1890,0.98,0.11,2.22,Charlotte,CLT,"Charlotte, NC"
1/13/2015,41,35,47,29,50,3,75,1895,1960,0.04,0.12,1.68,Charlotte,CLT,"Charlotte, NC"
1/14/2015,35,30,40,29,50,7,77,1912,1907,0,0.11,1.45,Charlotte,CLT,"Charlotte, NC"
1/15/2015,34,26,42,29,50,12,77,1994,1907,0,0.11,0.96,Charlotte,CLT,"Charlotte, NC"
1/16/2015,43,30,56,29,50,5,74,1893,1974,0,0.11,1.69,Charlotte,CLT,"Charlotte, NC"
1/17/2015,41,24,57,29,51,5,75,1977,1943,0,0.11,2.38,Charlotte,CLT,"Charlotte, NC"
1/18/2015,49,37,61,29,51,10,71,2003,1937,0.02,0.11,2.51,Charlotte,CLT,"Charlotte, NC"
1/19/2015,49,33,64,30,51,6,69,1994,1929,0,0.11,2.28,Charlotte,CLT,"Charlotte, NC"
1/20/2015,53,39,67,30,51,-2,71,1985,1951,0,0.11,1.98,Charlotte,CLT,"Charlotte, NC"
1/21/2015,50,36,64,30,51,-5,73,1985,1935,0,0.11,2.28,Charlotte,CLT,"Charlotte, NC"
1/22/2015,41,25,57,30,51,5,74,1970,1937,0,0.11,1.79,Charlotte,CLT,"Charlotte, NC"
1/23/2015,41,36,45,30,51,9,75,2003,1927,0.88,0.11,1.48,Charlotte,CLT,"Charlotte, NC"
1/24/2015,43,33,53,30,51,7,74,1963,1967,0.16,0.1,1.79,Charlotte,CLT,"Charlotte, NC"
1/25/2015,43,28,57,30,51,11,76,1963,1950,0,0.11,2.27,Charlotte,CLT,"Charlotte, NC"
1/26/2015,45,37,53,30,51,8,75,1940,1950,0.01,0.1,1.43,Charlotte,CLT,"Charlotte, NC"
1/27/2015,39,29,48,30,52,6,75,1940,1890,0,0.1,1.51,Charlotte,CLT,"Charlotte, NC"
1/28/2015,36,23,49,30,52,5,79,1986,1944,0,0.11,1.27,Charlotte,CLT,"Charlotte, NC"
1/29/2015,38,25,50,30,52,8,79,1897,2002,0,0.1,1.21,Charlotte,CLT,"Charlotte, NC"
1/30/2015,38,26,49,30,52,4,78,1966,2002,0,0.11,1.13,Charlotte,CLT,"Charlotte, NC"
1/31/2015,35,19,51,30,52,4,77,1966,1975,0,0.11,1.75,Charlotte,CLT,"Charlotte, NC"
2/1/2015,47,36,57,31,52,10,76,1900,1950,0.01,0.11,1.78,Charlotte,CLT,"Charlotte, NC"
2/2/2015,42,26,57,31,52,10,80,1917,1989,0.39,0.11,2.3,Charlotte,CLT,"Charlotte, NC"
2/3/2015,34,22,46,31,53,8,81,1917,1989,0,0.12,1.25,Charlotte,CLT,"Charlotte, NC"
2/4/2015,41,28,53,31,53,11,76,1886,1927,0,0.11,1.93,Charlotte,CLT,"Charlotte, NC"
2/5/2015,40,27,52,31,53,6,78,1886,1890,0,0.11,2,Charlotte,CLT,"Charlotte, NC"
2/6/2015,32,18,45,31,53,13,79,1977,1927,0,0.1,2.91,Charlotte,CLT,"Charlotte, NC"
2/7/2015,47,28,65,31,53,10,74,1895,1999,0,0.11,1.65,Charlotte,CLT,"Charlotte, NC"
2/8/2015,59,47,70,31,54,1,74,1895,2009,0,0.1,1.12,Charlotte,CLT,"Charlotte, NC"
2/9/2015,56,51,61,32,54,6,77,1895,1994,0.87,0.11,1.81,Charlotte,CLT,"Charlotte, NC"
2/10/2015,45,37,53,32,54,8,76,1934,1938,0.13,0.1,2.22,Charlotte,CLT,"Charlotte, NC"
2/11/2015,42,28,55,32,54,12,75,1885,1965,0,0.11,1.19,Charlotte,CLT,"Charlotte, NC"
2/12/2015,42,26,57,32,54,11,73,1899,1999,0,0.11,1.65,Charlotte,CLT,"Charlotte, NC"
2/13/2015,31,21,40,32,55,2,74,1899,1951,0,0.12,1.88,Charlotte,CLT,"Charlotte, NC"
2/14/2015,40,23,56,33,55,-5,77,1899,1949,0,0.11,1.53,Charlotte,CLT,"Charlotte, NC"
2/15/2015,25,14,36,33,55,12,80,1943,1989,0,0.13,1.65,Charlotte,CLT,"Charlotte, NC"
2/16/2015,29,24,33,33,55,11,76,1905,1976,0.51,0.12,2.28,Charlotte,CLT,"Charlotte, NC"
2/17/2015,29,23,34,33,55,7,79,1958,1927,0.15,0.13,1.47,Charlotte,CLT,"Charlotte, NC"
2/18/2015,32,21,42,33,56,5,78,1958,1891,0,0.12,1.89,Charlotte,CLT,"Charlotte, NC"
2/19/2015,19,12,26,34,56,8,76,1958,1939,0,0.13,2.08,Charlotte,CLT,"Charlotte, NC"
2/20/2015,19,7,31,34,56,7,77,2015,2014,0,0.13,1.82,Charlotte,CLT,"Charlotte, NC"
2/21/2015,34,25,42,34,56,6,75,1896,2011,0,0.13,1.44,Charlotte,CLT,"Charlotte, NC"
2/22/2015,47,36,57,34,57,12,74,1963,1990,0.18,0.13,1.53,Charlotte,CLT,"Charlotte, NC"
2/23/2015,44,35,52,34,57,19,76,1963,1962,0.02,0.13,1.72,Charlotte,CLT,"Charlotte, NC"
2/24/2015,32,28,35,35,57,16,80,1967,1982,0.07,0.13,1.9,Charlotte,CLT,"Charlotte, NC"
2/25/2015,36,29,42,35,57,7,82,1967,1930,0.48,0.13,1.78,Charlotte,CLT,"Charlotte, NC"
2/26/2015,37,31,42,35,58,7,81,1967,1977,0.21,0.12,1.82,Charlotte,CLT,"Charlotte, NC"
2/27/2015,38,26,50,35,58,7,82,1963,2011,0,0.13,1.7,Charlotte,CLT,"Charlotte, NC"
2/28/2015,37,29,44,36,58,14,78,2002,2011,0,0.13,2.09,Charlotte,CLT,"Charlotte, NC"
3/1/2015,36,31,40,36,59,15,82,1980,1918,0.16,0.13,2.18,Charlotte,CLT,"Charlotte, NC"
3/2/2015,55,39,70,36,59,14,80,1980,1887,0,0.14,1.59,Charlotte,CLT,"Charlotte, NC"
3/3/2015,46,40,51,36,59,4,84,1980,1976,0.06,0.12,3.04,Charlotte,CLT,"Charlotte, NC"
3/4/2015,56,42,69,36,59,15,82,1943,1976,0,0.13,1.7,Charlotte,CLT,"Charlotte, NC"
3/5/2015,52,36,68,37,60,12,84,1960,1955,0.54,0.14,1.65,Charlotte,CLT,"Charlotte, NC"
3/6/2015,35,25,44,37,60,10,78,1960,1956,0,0.13,2.46,Charlotte,CLT,"Charlotte, NC"
3/7/2015,42,23,61,37,60,14,85,1899,1974,0,0.14,1.38,Charlotte,CLT,"Charlotte, NC"
3/8/2015,52,32,71,37,61,16,84,1920,1974,0,0.14,1.87,Charlotte,CLT,"Charlotte, NC"
3/9/2015,58,51,65,38,61,16,83,1996,1974,0.01,0.14,1.78,Charlotte,CLT,"Charlotte, NC"
3/10/2015,66,53,78,38,61,17,82,1932,1974,0,0.13,1.35,Charlotte,CLT,"Charlotte, NC"
3/11/2015,71,58,83,38,62,22,83,1969,1990,0.15,0.14,1.04,Charlotte,CLT,"Charlotte, NC"
3/12/2015,61,51,70,38,62,19,86,1969,1990,0,0.14,2.17,Charlotte,CLT,"Charlotte, NC"
3/13/2015,50,42,58,39,62,18,86,1960,1990,0.19,0.13,2.31,Charlotte,CLT,"Charlotte, NC"
3/14/2015,53,41,64,39,62,16,83,1926,2012,0.35,0.14,1.81,Charlotte,CLT,"Charlotte, NC"
3/15/2015,63,49,76,39,63,16,86,1993,1967,0,0.14,4.24,Charlotte,CLT,"Charlotte, NC"
3/16/2015,62,43,81,39,63,18,83,1970,1945,0,0.13,1.84,Charlotte,CLT,"Charlotte, NC"
3/17/2015,63,41,84,40,63,23,90,1900,1945,0,0.13,2,Charlotte,CLT,"Charlotte, NC"
3/18/2015,54,47,61,40,64,21,85,1967,2011,0,0.13,1.52,Charlotte,CLT,"Charlotte, NC"
3/19/2015,49,42,55,40,64,21,86,1902,1945,0.21,0.13,2.65,Charlotte,CLT,"Charlotte, NC"
3/20/2015,50,42,58,40,64,23,85,1923,1948,0,0.12,2.11,Charlotte,CLT,"Charlotte, NC"
3/21/2015,56,40,71,41,65,18,87,1965,1935,0,0.12,1.79,Charlotte,CLT,"Charlotte, NC"
3/22/2015,62,54,70,41,65,24,89,1965,1907,0.01,0.12,0.88,Charlotte,CLT,"Charlotte, NC"
3/23/2015,58,51,65,41,65,20,91,1888,1907,0,0.11,2,Charlotte,CLT,"Charlotte, NC"
3/24/2015,59,45,72,41,66,24,88,1940,1929,0,0.12,1.62,Charlotte,CLT,"Charlotte, NC"
3/25/2015,62,54,69,42,66,22,90,1940,1929,0.01,0.12,1.89,Charlotte,CLT,"Charlotte, NC"
3/26/2015,65,56,74,42,66,22,86,1972,1929,0,0.13,2.86,Charlotte,CLT,"Charlotte, NC"
3/27/2015,54,43,65,42,67,19,85,1955,1950,0.24,0.12,1.22,Charlotte,CLT,"Charlotte, NC"
3/28/2015,43,34,51,42,67,25,90,1982,1907,0,0.13,1.95,Charlotte,CLT,"Charlotte, NC"
3/29/2015,42,29,55,42,67,26,89,2013,1907,0,0.12,2.2,Charlotte,CLT,"Charlotte, NC"
3/30/2015,55,39,70,43,67,24,86,1964,1998,0.26,0.13,2.36,Charlotte,CLT,"Charlotte, NC"
3/31/2015,56,35,77,43,68,21,86,1964,1986,0,0.12,2.21,Charlotte,CLT,"Charlotte, NC"
4/1/2015,61,49,73,43,68,24,86,1923,1986,0,0.11,1.26,Charlotte,CLT,"Charlotte, NC"
4/2/2015,66,58,73,43,68,28,86,1881,1978,0.04,0.12,2.99,Charlotte,CLT,"Charlotte, NC"
4/3/2015,70,58,82,44,69,28,90,1972,1946,0,0.1,1.18,Charlotte,CLT,"Charlotte, NC"
4/4/2015,58,45,71,44,69,29,87,1936,1999,0,0.11,1.58,Charlotte,CLT,"Charlotte, NC"
4/5/2015,52,36,67,44,69,26,88,1891,1942,0,0.1,1.86,Charlotte,CLT,"Charlotte, NC"
4/6/2015,64,51,77,44,70,28,90,1944,1929,0,0.1,3.84,Charlotte,CLT,"Charlotte, NC"
4/7/2015,65,57,72,45,70,25,89,2007,1929,0.51,0.11,1.74,Charlotte,CLT,"Charlotte, NC"
4/8/2015,73,63,82,45,70,21,88,2007,1929,0.26,0.1,1.33,Charlotte,CLT,"Charlotte, NC"
4/9/2015,77,65,88,45,70,25,89,1972,1893,0.02,0.1,2.07,Charlotte,CLT,"Charlotte, NC"
4/10/2015,75,67,82,45,71,28,90,1985,2001,0,0.11,1.98,Charlotte,CLT,"Charlotte, NC"
4/11/2015,67,56,78,46,71,28,88,1961,1930,0,0.1,3.2,Charlotte,CLT,"Charlotte, NC"
4/12/2015,62,50,74,46,71,29,92,1973,1930,0,0.09,1.77,Charlotte,CLT,"Charlotte, NC"
4/13/2015,66,59,73,46,71,28,90,1940,1930,0.11,0.1,1.75,Charlotte,CLT,"Charlotte, NC"
4/14/2015,73,65,80,46,72,27,89,1950,1941,0.16,0.09,1.65,Charlotte,CLT,"Charlotte, NC"
4/15/2015,58,50,65,47,72,28,89,1907,1936,1.26,0.09,1.73,Charlotte,CLT,"Charlotte, NC"
4/16/2015,51,47,54,47,72,29,89,1962,1896,0.4,0.1,1.6,Charlotte,CLT,"Charlotte, NC"
4/17/2015,62,54,69,47,72,30,94,1949,1896,0.03,0.1,1.51,Charlotte,CLT,"Charlotte, NC"
4/18/2015,70,60,79,48,73,32,93,2001,1896,0.04,0.1,1.7,Charlotte,CLT,"Charlotte, NC"
4/19/2015,67,64,69,48,73,30,89,1983,1955,2.65,0.1,2.65,Charlotte,CLT,"Charlotte, NC"
4/20/2015,67,60,74,48,73,28,91,1983,1896,0.47,0.11,1.47,Charlotte,CLT,"Charlotte, NC"
4/21/2015,58,45,71,48,73,30,90,1983,1963,0,0.1,2.39,Charlotte,CLT,"Charlotte, NC"
4/22/2015,60,43,77,49,74,33,91,1978,1957,0,0.11,2.28,Charlotte,CLT,"Charlotte, NC"
4/23/2015,62,49,74,49,74,35,91,1986,1960,0,0.11,1.58,Charlotte,CLT,"Charlotte, NC"
4/24/2015,54,38,70,49,74,36,96,1893,1925,0,0.1,2.33,Charlotte,CLT,"Charlotte, NC"
4/25/2015,56,51,61,49,74,31,93,2005,1925,0.19,0.1,1.78,Charlotte,CLT,"Charlotte, NC"
4/26/2015,53,48,58,50,75,34,92,1910,1915,0,0.1,2.34,Charlotte,CLT,"Charlotte, NC"
4/27/2015,55,39,71,50,75,37,90,1972,1981,0,0.1,1.35,Charlotte,CLT,"Charlotte, NC"
4/28/2015,54,38,69,50,75,36,90,1967,1943,0,0.1,2.23,Charlotte,CLT,"Charlotte, NC"
4/29/2015,55,45,64,51,75,33,91,1973,1888,0,0.09,2.19,Charlotte,CLT,"Charlotte, NC"
4/30/2015,63,49,76,51,75,37,91,2008,1962,0,0.09,2.34,Charlotte,CLT,"Charlotte, NC"
5/1/2015,57,47,67,51,76,37,92,1963,1962,0,0.09,1.84,Charlotte,CLT,"Charlotte, NC"
5/2/2015,61,45,76,52,76,32,91,1963,1959,0,0.1,1.36,Charlotte,CLT,"Charlotte, NC"
5/3/2015,63,46,80,52,76,39,94,1981,1902,0,0.1,3.67,Charlotte,CLT,"Charlotte, NC"
5/4/2015,69,55,83,52,76,34,92,1971,1959,0,0.1,1.62,Charlotte,CLT,"Charlotte, NC"
5/5/2015,69,56,82,52,76,36,91,1940,1955,0,0.1,2.4,Charlotte,CLT,"Charlotte, NC"
5/6/2015,69,53,84,53,77,39,93,1891,1950,0,0.09,1.6,Charlotte,CLT,"Charlotte, NC"
5/7/2015,70,58,81,53,77,38,95,1891,1940,0,0.1,2.58,Charlotte,CLT,"Charlotte, NC"
5/8/2015,71,57,85,53,77,35,96,1989,1940,0,0.1,2.41,Charlotte,CLT,"Charlotte, NC"
5/9/2015,72,60,84,54,77,39,94,1984,1889,0,0.1,1.35,Charlotte,CLT,"Charlotte, NC"
5/10/2015,74,65,82,54,78,38,94,1906,1889,0,0.1,0.86,Charlotte,CLT,"Charlotte, NC"
5/11/2015,76,61,90,54,78,39,95,1977,1916,0,0.1,1.12,Charlotte,CLT,"Charlotte, NC"
5/12/2015,77,66,88,55,78,39,94,1969,1889,0,0.1,1.92,Charlotte,CLT,"Charlotte, NC"
5/13/2015,73,60,85,55,78,38,93,1960,1881,0,0.1,2.46,Charlotte,CLT,"Charlotte, NC"
5/14/2015,67,58,75,55,78,41,95,1917,1956,0,0.1,1.34,Charlotte,CLT,"Charlotte, NC"
5/15/2015,73,63,82,56,79,40,94,1888,1962,0,0.1,2.11,Charlotte,CLT,"Charlotte, NC"
5/16/2015,75,62,87,56,79,42,94,1978,1941,0,0.1,1.79,Charlotte,CLT,"Charlotte, NC"
5/17/2015,75,63,86,56,79,43,93,1973,1896,0,0.09,1.09,Charlotte,CLT,"Charlotte, NC"
5/18/2015,78,67,89,56,79,34,94,1973,1960,0,0.1,4.85,Charlotte,CLT,"Charlotte, NC"
5/19/2015,77,65,89,57,80,40,95,2009,1962,0,0.1,2.4,Charlotte,CLT,"Charlotte, NC"
5/20/2015,76,61,91,57,80,40,95,2002,1964,0,0.1,3.81,Charlotte,CLT,"Charlotte, NC"